Workbook

Sheet Bitacora
A1: Fecha | B1: Dias que dura | C1: Composicion | D1: Cambio | F1: BIL | G1: XLB | H1: XLC | I1: XLE | J1: XLF | K1: XLI | L1: XLK | M1: XLP | N1: XLRE | O1: XLU | P1: XLV | Q1: XLY | R1: Rotacion (% cartera operada) | S1: Rotacion sin BIL (% cartera)
A2: 2016-02-02 | B2: 16 | C2: BIL 100% | D2: -> a refugio | F2: =_xlfn.LET(_xlpm.t," "&$C2&" ",_xlpm.p,SEARCH(" "&F$1&" ",_xlpm.t),IFERROR(ROUND(VALUE(MID(_xlpm.t,_xlpm.p+LEN(F$1)+2,FIND("%",_xlpm.t,_xlpm.p)-_xlpm.p-LEN(F$1)-2))*3/100,0)/3,0)) -> 1 | G2: =_xlfn.LET(_xlpm.t," "&$C2&" ",_xlpm.p,SEARCH(" "&G$1&" ",_xlpm.t),IFERROR(ROUND(VALUE(MID(_xlpm.t,_xlpm.p+LEN(G$1)+2,FIND("%",_xlpm.t,_xlpm.p)-_xlpm.p-LEN(G$1)-2))*3/100,0)/3,0)) -> 0 | H2: =_xlfn.LET(_xlpm.t," "&$C2&" ",_xlpm.p,SEARCH(" "&H$1&" ",_xlpm.t),IFERROR(ROUND(VALUE(MID(_xlpm.t,_xlpm.p+LEN(H$1)+2,FIND("%",_xlpm.t,_xlpm.p)-_xlpm.p-LEN(H$1)-2))*3/100,0)/3,0)) -> 0 | I2: =_xlfn.LET(_xlpm.t," "&$C2&" ",_xlpm.p,SEARCH(" "&I$1&" ",_xlpm.t),IFERROR(ROUND(VALUE(MID(_xlpm.t,_xlpm.p+LEN(I$1)+2,FIND("%",_xlpm.t,_xlpm.p)-_xlpm.p-LEN(I$1)-2))*3/100,0)/3,0)) -> 0 | J2: =_xlfn.LET(_xlpm.t," "&$C2&" ",_xlpm.p,SEARCH(" "&J$1&" ",_xlpm.t),IFERROR(ROUND(VALUE(MID(_xlpm.t,_xlpm.p+LEN(J$1)+2,FIND("%",_xlpm.t,_xlpm.p)-_xlpm.p-LEN(J$1)-2))*3/100,0)/3,0)) -> 0 | K2: =_xlfn.LET(_xlpm.t," "&$C2&" ",_xlpm.p,SEARCH(" "&K$1&" ",_xlpm.t),IFERROR(ROUND(VALUE(MID(_xlpm.t,_xlpm.p+LEN(K$1)+2,FIND("%",_xlpm.t,_xlpm.p)-_xlpm.p-LEN(K$1)-2))*3/100,0)/3,0)) -> 0 | L2: =_xlfn.LET(_xlpm.t," "&$C2&" ",_xlpm.p,SEARCH(" "&L$1&" ",_xlpm.t),IFERROR(ROUND(VALUE(MID(_xlpm.t,_xlpm.p+LEN(L$1)+2,FIND("%",_xlpm.t,_xlpm.p)-_xlpm.p-LEN(L$1)-2))*3/100,0)/3,0)) -> 0 | M2: =_xlfn.LET(_xlpm.t," "&$C2&" ",_xlpm.p,SEARCH(" "&M$1&" ",_xlpm.t),IFERROR(ROUND(VALUE(MID(_xlpm.t,_xlpm.p+LEN(M$1)+2,FIND("%",_xlpm.t,_xlpm.p)-_xlpm.p-LEN(M$1)-2))*3/100,0)/3,0)) -> 0 | ... Q2: =_xlfn.LET(_xlpm.t," "&$C2&" ",_xlpm.p,SEARCH(" "&Q$1&" ",_xlpm.t),IFERROR(ROUND(VALUE(MID(_xlpm.t,_xlpm.p+LEN(Q$1)+2,FIND("%",_xlpm.t,_xlpm.p)-_xlpm.p-LEN(Q$1)-2))*3/100,0)/3,0)) -> 0 | R2: =SUM(F2:Q2) -> 1 | S2: =SUM(G2:Q2) -> 0
A3: 2016-02-25 | B3: 3 | C3: BIL 33% | XLP 33% | XLU 33% | D3: entran: XLP, XLU ; BIL 100%->33% | F3: =_xlfn.LET(_xlpm.t," "&$C3&" ",_xlpm.p,SEARCH(" "&F$1&" ",_xlpm.t),IFERROR(ROUND(VALUE(MID(_xlpm.t,_xlpm.p+LEN(F$1)+2,FIND("%",_xlpm.t,_xlpm.p)-_xlpm.p-LEN(F$1)-2))*3/100,0)/3,0)) -> 0.33333333 | G3: =_xlfn.LET(_xlpm.t," "&$C3&" ",_xlpm.p,SEARCH(" "&G$1&" ",_xlpm.t),IFERROR(ROUND(VALUE(MID(_xlpm.t,_xlpm.p+LEN(G$1)+2,FIND("%",_xlpm.t,_xlpm.p)-_xlpm.p-LEN(G$1)-2))*3/100,0)/3,0)) -> 0 | H3: =_xlfn.LET(_xlpm.t," "&$C3&" ",_xlpm.p,SEARCH(" "&H$1&" ",_xlpm.t),IFERROR(ROUND(VALUE(MID(_xlpm.t,_xlpm.p+LEN(H$1)+2,FIND("%",_xlpm.t,_xlpm.p)-_xlpm.p-LEN(H$1)-2))*3/100,0)/3,0)) -> 0 | I3: =_xlfn.LET(_xlpm.t," "&$C3&" ",_xlpm.p,SEARCH(" "&I$1&" ",_xlpm.t),IFERROR(ROUND(VALUE(MID(_xlpm.t,_xlpm.p+LEN(I$1)+2,FIND("%",_xlpm.t,_xlpm.p)-_xlpm.p-LEN(I$1)-2))*3/100,0)/3,0)) -> 0 | J3: =_xlfn.LET(_xlpm.t," "&$C3&" ",_xlpm.p,SEARCH(" "&J$1&" ",_xlpm.t),IFERROR(ROUND(VALUE(MID(_xlpm.t,_xlpm.p+LEN(J$1)+2,FIND("%",_xlpm.t,_xlpm.p)-_xlpm.p-LEN(J$1)-2))*3/100,0)/3,0)) -> 0 | K3: =_xlfn.LET(_xlpm.t," "&$C3&" ",_xlpm.p,SEARCH(" "&K$1&" ",_xlpm.t),IFERROR(ROUND(VALUE(MID(_xlpm.t,_xlpm.p+LEN(K$1)+2,FIND("%",_xlpm.t,_xlpm.p)-_xlpm.p-LEN(K$1)-2))*3/100,0)/3,0)) -> 0 | L3: =_xlfn.LET(_xlpm.t," "&$C3&" ",_xlpm.p,SEARCH(" "&L$1&" ",_xlpm.t),IFERROR(ROUND(VALUE(MID(_xlpm.t,_xlpm.p+LEN(L$1)+2,FIND("%",_xlpm.t,_xlpm.p)-_xlpm.p-LEN(L$1)-2))*3/100,0)/3,0)) -> 0 | M3: =_xlfn.LET(_xlpm.t," "&$C3&" ",_xlpm.p,SEARCH(" "&M$1&" ",_xlpm.t),IFERROR(ROUND(VALUE(MID(_xlpm.t,_xlpm.p+LEN(M$1)+2,FIND("%",_xlpm.t,_xlpm.p)-_xlpm.p-LEN(M$1)-2))*3/100,0)/3,0)) -> 0.33333333 | ... Q3: =_xlfn.LET(_xlpm.t," "&$C3&" ",_xlpm.p,SEARCH(" "&Q$1&" ",_xlpm.t),IFERROR(ROUND(VALUE(MID(_xlpm.t,_xlpm.p+LEN(Q$1)+2,FIND("%",_xlpm.t,_xlpm.p)-_xlpm.p-LEN(Q$1)-2))*3/100,0)/3,0)) -> 0 | R3: {=SUMPRODUCT(ABS(F3:Q3-F2:Q2))} -> 1.3333333 | S3: {=SUMPRODUCT(ABS(G3:Q3-G2:Q2))} -> 0.66666667
A4: 2016-03-01 | B4: 35 | C4: XLP 33% | XLU 33% | XLY 33% | D4: entran: XLY ; <- sale de refugio | F4: =_xlfn.LET(_xlpm.t," "&$C4&" ",_xlpm.p,SEARCH(" "&F$1&" ",_xlpm.t),IFERROR(ROUND(VALUE(MID(_xlpm.t,_xlpm.p+LEN(F$1)+2,FIND("%",_xlpm.t,_xlpm.p)-_xlpm.p-LEN(F$1)-2))*3/100,0)/3,0)) -> 0 | G4: =_xlfn.LET(_xlpm.t," "&$C4&" ",_xlpm.p,SEARCH(" "&G$1&" ",_xlpm.t),IFERROR(ROUND(VALUE(MID(_xlpm.t,_xlpm.p+LEN(G$1)+2,FIND("%",_xlpm.t,_xlpm.p)-_xlpm.p-LEN(G$1)-2))*3/100,0)/3,0)) -> 0 | H4: =_xlfn.LET(_xlpm.t," "&$C4&" ",_xlpm.p,SEARCH(" "&H$1&" ",_xlpm.t),IFERROR(ROUND(VALUE(MID(_xlpm.t,_xlpm.p+LEN(H$1)+2,FIND("%",_xlpm.t,_xlpm.p)-_xlpm.p-LEN(H$1)-2))*3/100,0)/3,0)) -> 0 | I4: =_xlfn.LET(_xlpm.t," "&$C4&" ",_xlpm.p,SEARCH(" "&I$1&" ",_xlpm.t),IFERROR(ROUND(VALUE(MID(_xlpm.t,_xlpm.p+LEN(I$1)+2,FIND("%",_xlpm.t,_xlpm.p)-_xlpm.p-LEN(I$1)-2))*3/100,0)/3,0)) -> 0 | J4: =_xlfn.LET(_xlpm.t," "&$C4&" ",_xlpm.p,SEARCH(" "&J$1&" ",_xlpm.t),IFERROR(ROUND(VALUE(MID(_xlpm.t,_xlpm.p+LEN(J$1)+2,FIND("%",_xlpm.t,_xlpm.p)-_xlpm.p-LEN(J$1)-2))*3/100,0)/3,0)) -> 0 | K4: =_xlfn.LET(_xlpm.t," "&$C4&" ",_xlpm.p,SEARCH(" "&K$1&" ",_xlpm.t),IFERROR(ROUND(VALUE(MID(_xlpm.t,_xlpm.p+LEN(K$1)+2,FIND("%",_xlpm.t,_xlpm.p)-_xlpm.p-LEN(K$1)-2))*3/100,0)/3,0)) -> 0 | L4: =_xlfn.LET(_xlpm.t," "&$C4&" ",_xlpm.p,SEARCH(" "&L$1&" ",_xlpm.t),IFERROR(ROUND(VALUE(MID(_xlpm.t,_xlpm.p+LEN(L$1)+2,FIND("%",_xlpm.t,_xlpm.p)-_xlpm.p-LEN(L$1)-2))*3/100,0)/3,0)) -> 0 | M4: =_xlfn.LET(_xlpm.t," "&$C4&" ",_xlpm.p,SEARCH(" "&M$1&" ",_xlpm.t),IFERROR(ROUND(VALUE(MID(_xlpm.t,_xlpm.p+LEN(M$1)+2,FIND("%",_xlpm.t,_xlpm.p)-_xlpm.p-LEN(M$1)-2))*3/100,0)/3,0)) -> 0.33333333 | ... Q4: =_xlfn.LET(_xlpm.t," "&$C4&" ",_xlpm.p,SEARCH(" "&Q$1&" ",_xlpm.t),IFERROR(ROUND(VALUE(MID(_xlpm.t,_xlpm.p+LEN(Q$1)+2,FIND("%",_xlpm.t,_xlpm.p)-_xlpm.p-LEN(Q$1)-2))*3/100,0)/3,0)) -> 0.33333333 | R4: {=SUMPRODUCT(ABS(F4:Q4-F3:Q3))} -> 0.66666667 | S4: {=SUMPRODUCT(ABS(G4:Q4-G3:Q3))} -> 0.33333333
A5: 2016-04-20 | B5: 1 | C5: BIL 33% | XLP 33% | XLY 33% | D5: salen: XLU ; -> a refugio | F5: =_xlfn.LET(_xlpm.t," "&$C5&" ",_xlpm.p,SEARCH(" "&F$1&" ",_xlpm.t),IFERROR(ROUND(VALUE(MID(_xlpm.t,_xlpm.p+LEN(F$1)+2,FIND("%",_xlpm.t,_xlpm.p)-_xlpm.p-LEN(F$1)-2))*3/100,0)/3,0)) -> 0.33333333 | G5: =_xlfn.LET(_xlpm.t," "&$C5&" ",_xlpm.p,SEARCH(" "&G$1&" ",_xlpm.t),IFERROR(ROUND(VALUE(MID(_xlpm.t,_xlpm.p+LEN(G$1)+2,FIND("%",_xlpm.t,_xlpm.p)-_xlpm.p-LEN(G$1)-2))*3/100,0)/3,0)) -> 0 | H5: =_xlfn.LET(_xlpm.t," "&$C5&" ",_xlpm.p,SEARCH(" "&H$1&" ",_xlpm.t),IFERROR(ROUND(VALUE(MID(_xlpm.t,_xlpm.p+LEN(H$1)+2,FIND("%",_xlpm.t,_xlpm.p)-_xlpm.p-LEN(H$1)-2))*3/100,0)/3,0)) -> 0 | I5: =_xlfn.LET(_xlpm.t," "&$C5&" ",_xlpm.p,SEARCH(" "&I$1&" ",_xlpm.t),IFERROR(ROUND(VALUE(MID(_xlpm.t,_xlpm.p+LEN(I$1)+2,FIND("%",_xlpm.t,_xlpm.p)-_xlpm.p-LEN(I$1)-2))*3/100,0)/3,0)) -> 0 | J5: =_xlfn.LET(_xlpm.t," "&$C5&" ",_xlpm.p,SEARCH(" "&J$1&" ",_xlpm.t),IFERROR(ROUND(VALUE(MID(_xlpm.t,_xlpm.p+LEN(J$1)+2,FIND("%",_xlpm.t,_xlpm.p)-_xlpm.p-LEN(J$1)-2))*3/100,0)/3,0)) -> 0 | K5: =_xlfn.LET(_xlpm.t," "&$C5&" ",_xlpm.p,SEARCH(" "&K$1&" ",_xlpm.t),IFERROR(ROUND(VALUE(MID(_xlpm.t,_xlpm.p+LEN(K$1)+2,FIND("%",_xlpm.t,_xlpm.p)-_xlpm.p-LEN(K$1)-2))*3/100,0)/3,0)) -> 0 | L5: =_xlfn.LET(_xlpm.t," "&$C5&" ",_xlpm.p,SEARCH(" "&L$1&" ",_xlpm.t),IFERROR(ROUND(VALUE(MID(_xlpm.t,_xlpm.p+LEN(L$1)+2,FIND("%",_xlpm.t,_xlpm.p)-_xlpm.p-LEN(L$1)-2))*3/100,0)/3,0)) -> 0 | M5: =_xlfn.LET(_xlpm.t," "&$C5&" ",_xlpm.p,SEARCH(" "&M$1&" ",_xlpm.t),IFERROR(ROUND(VALUE(MID(_xlpm.t,_xlpm.p+LEN(M$1)+2,FIND("%",_xlpm.t,_xlpm.p)-_xlpm.p-LEN(M$1)-2))*3/100,0)/3,0)) -> 0.33333333 | ... Q5: =_xlfn.LET(_xlpm.t," "&$C5&" ",_xlpm.p,SEARCH(" "&Q$1&" ",_xlpm.t),IFERROR(ROUND(VALUE(MID(_xlpm.t,_xlpm.p+LEN(Q$1)+2,FIND("%",_xlpm.t,_xlpm.p)-_xlpm.p-LEN(Q$1)-2))*3/100,0)/3,0)) -> 0.33333333 | R5: {=SUMPRODUCT(ABS(F5:Q5-F4:Q4))} -> 0.66666667 | S5: {=SUMPRODUCT(ABS(G5:Q5-G4:Q4))} -> 0.33333333
A6: 2016-04-21 | B6: 13 | C6: BIL 67% | XLY 33% | D6: salen: XLP ; BIL 33%->67% | F6: =_xlfn.LET(_xlpm.t," "&$C6&" ",_xlpm.p,SEARCH(" "&F$1&" ",_xlpm.t),IFERROR(ROUND(VALUE(MID(_xlpm.t,_xlpm.p+LEN(F$1)+2,FIND("%",_xlpm.t,_xlpm.p)-_xlpm.p-LEN(F$1)-2))*3/100,0)/3,0)) -> 0.66666667 | G6: =_xlfn.LET(_xlpm.t," "&$C6&" ",_xlpm.p,SEARCH(" "&G$1&" ",_xlpm.t),IFERROR(ROUND(VALUE(MID(_xlpm.t,_xlpm.p+LEN(G$1)+2,FIND("%",_xlpm.t,_xlpm.p)-_xlpm.p-LEN(G$1)-2))*3/100,0)/3,0)) -> 0 | H6: =_xlfn.LET(_xlpm.t," "&$C6&" ",_xlpm.p,SEARCH(" "&H$1&" ",_xlpm.t),IFERROR(ROUND(VALUE(MID(_xlpm.t,_xlpm.p+LEN(H$1)+2,FIND("%",_xlpm.t,_xlpm.p)-_xlpm.p-LEN(H$1)-2))*3/100,0)/3,0)) -> 0 | I6: =_xlfn.LET(_xlpm.t," "&$C6&" ",_xlpm.p,SEARCH(" "&I$1&" ",_xlpm.t),IFERROR(ROUND(VALUE(MID(_xlpm.t,_xlpm.p+LEN(I$1)+2,FIND("%",_xlpm.t,_xlpm.p)-_xlpm.p-LEN(I$1)-2))*3/100,0)/3,0)) -> 0 | J6: =_xlfn.LET(_xlpm.t," "&$C6&" ",_xlpm.p,SEARCH(" "&J$1&" ",_xlpm.t),IFERROR(ROUND(VALUE(MID(_xlpm.t,_xlpm.p+LEN(J$1)+2,FIND("%",_xlpm.t,_xlpm.p)-_xlpm.p-LEN(J$1)-2))*3/100,0)/3,0)) -> 0 | K6: =_xlfn.LET(_xlpm.t," "&$C6&" ",_xlpm.p,SEARCH(" "&K$1&" ",_xlpm.t),IFERROR(ROUND(VALUE(MID(_xlpm.t,_xlpm.p+LEN(K$1)+2,FIND("%",_xlpm.t,_xlpm.p)-_xlpm.p-LEN(K$1)-2))*3/100,0)/3,0)) -> 0 | L6: =_xlfn.LET(_xlpm.t," "&$C6&" ",_xlpm.p,SEARCH(" "&L$1&" ",_xlpm.t),IFERROR(ROUND(VALUE(MID(_xlpm.t,_xlpm.p+LEN(L$1)+2,FIND("%",_xlpm.t,_xlpm.p)-_xlpm.p-LEN(L$1)-2))*3/100,0)/3,0)) -> 0 | M6: =_xlfn.LET(_xlpm.t," "&$C6&" ",_xlpm.p,SEARCH(" "&M$1&" ",_xlpm.t),IFERROR(ROUND(VALUE(MID(_xlpm.t,_xlpm.p+LEN(M$1)+2,FIND("%",_xlpm.t,_xlpm.p)-_xlpm.p-LEN(M$1)-2))*3/100,0)/3,0)) -> 0 | ... Q6: =_xlfn.LET(_xlpm.t," "&$C6&" ",_xlpm.p,SEARCH(" "&Q$1&" ",_xlpm.t),IFERROR(ROUND(VALUE(MID(_xlpm.t,_xlpm.p+LEN(Q$1)+2,FIND("%",_xlpm.t,_xlpm.p)-_xlpm.p-LEN(Q$1)-2))*3/100,0)/3,0)) -> 0.33333333 | R6: {=SUMPRODUCT(ABS(F6:Q6-F5:Q5))} -> 0.66666667 | S6: {=SUMPRODUCT(ABS(G6:Q6-G5:Q5))} -> 0.33333333
A7: 2016-05-10 | B7: 3 | C7: BIL 33% | XLP 33% | XLY 33% | D7: entran: XLP ; BIL 67%->33% | F7: =_xlfn.LET(_xlpm.t," "&$C7&" ",_xlpm.p,SEARCH(" "&F$1&" ",_xlpm.t),IFERROR(ROUND(VALUE(MID(_xlpm.t,_xlpm.p+LEN(F$1)+2,FIND("%",_xlpm.t,_xlpm.p)-_xlpm.p-LEN(F$1)-2))*3/100,0)/3,0)) -> 0.33333333 | G7: =_xlfn.LET(_xlpm.t," "&$C7&" ",_xlpm.p,SEARCH(" "&G$1&" ",_xlpm.t),IFERROR(ROUND(VALUE(MID(_xlpm.t,_xlpm.p+LEN(G$1)+2,FIND("%",_xlpm.t,_xlpm.p)-_xlpm.p-LEN(G$1)-2))*3/100,0)/3,0)) -> 0 | H7: =_xlfn.LET(_xlpm.t," "&$C7&" ",_xlpm.p,SEARCH(" "&H$1&" ",_xlpm.t),IFERROR(ROUND(VALUE(MID(_xlpm.t,_xlpm.p+LEN(H$1)+2,FIND("%",_xlpm.t,_xlpm.p)-_xlpm.p-LEN(H$1)-2))*3/100,0)/3,0)) -> 0 | I7: =_xlfn.LET(_xlpm.t," "&$C7&" ",_xlpm.p,SEARCH(" "&I$1&" ",_xlpm.t),IFERROR(ROUND(VALUE(MID(_xlpm.t,_xlpm.p+LEN(I$1)+2,FIND("%",_xlpm.t,_xlpm.p)-_xlpm.p-LEN(I$1)-2))*3/100,0)/3,0)) -> 0 | J7: =_xlfn.LET(_xlpm.t," "&$C7&" ",_xlpm.p,SEARCH(" "&J$1&" ",_xlpm.t),IFERROR(ROUND(VALUE(MID(_xlpm.t,_xlpm.p+LEN(J$1)+2,FIND("%",_xlpm.t,_xlpm.p)-_xlpm.p-LEN(J$1)-2))*3/100,0)/3,0)) -> 0 | K7: =_xlfn.LET(_xlpm.t," "&$C7&" ",_xlpm.p,SEARCH(" "&K$1&" ",_xlpm.t),IFERROR(ROUND(VALUE(MID(_xlpm.t,_xlpm.p+LEN(K$1)+2,FIND("%",_xlpm.t,_xlpm.p)-_xlpm.p-LEN(K$1)-2))*3/100,0)/3,0)) -> 0 | L7: =_xlfn.LET(_xlpm.t," "&$C7&" ",_xlpm.p,SEARCH(" "&L$1&" ",_xlpm.t),IFERROR(ROUND(VALUE(MID(_xlpm.t,_xlpm.p+LEN(L$1)+2,FIND("%",_xlpm.t,_xlpm.p)-_xlpm.p-LEN(L$1)-2))*3/100,0)/3,0)) -> 0 | M7: =_xlfn.LET(_xlpm.t," "&$C7&" ",_xlpm.p,SEARCH(" "&M$1&" ",_xlpm.t),IFERROR(ROUND(VALUE(MID(_xlpm.t,_xlpm.p+LEN(M$1)+2,FIND("%",_xlpm.t,_xlpm.p)-_xlpm.p-LEN(M$1)-2))*3/100,0)/3,0)) -> 0.33333333 | ... Q7: =_xlfn.LET(_xlpm.t," "&$C7&" ",_xlpm.p,SEARCH(" "&Q$1&" ",_xlpm.t),IFERROR(ROUND(VALUE(MID(_xlpm.t,_xlpm.p+LEN(Q$1)+2,FIND("%",_xlpm.t,_xlpm.p)-_xlpm.p-LEN(Q$1)-2))*3/100,0)/3,0)) -> 0.33333333 | R7: {=SUMPRODUCT(ABS(F7:Q7-F6:Q6))} -> 0.66666667 | S7: {=SUMPRODUCT(ABS(G7:Q7-G6:Q6))} -> 0.33333333
A8: 2016-05-13 | B8: 14 | C8: BIL 67% | XLP 33% | D8: salen: XLY ; BIL 33%->67% | F8: =_xlfn.LET(_xlpm.t," "&$C8&" ",_xlpm.p,SEARCH(" "&F$1&" ",_xlpm.t),IFERROR(ROUND(VALUE(MID(_xlpm.t,_xlpm.p+LEN(F$1)+2,FIND("%",_xlpm.t,_xlpm.p)-_xlpm.p-LEN(F$1)-2))*3/100,0)/3,0)) -> 0.66666667 | G8: =_xlfn.LET(_xlpm.t," "&$C8&" ",_xlpm.p,SEARCH(" "&G$1&" ",_xlpm.t),IFERROR(ROUND(VALUE(MID(_xlpm.t,_xlpm.p+LEN(G$1)+2,FIND("%",_xlpm.t,_xlpm.p)-_xlpm.p-LEN(G$1)-2))*3/100,0)/3,0)) -> 0 | H8: =_xlfn.LET(_xlpm.t," "&$C8&" ",_xlpm.p,SEARCH(" "&H$1&" ",_xlpm.t),IFERROR(ROUND(VALUE(MID(_xlpm.t,_xlpm.p+LEN(H$1)+2,FIND("%",_xlpm.t,_xlpm.p)-_xlpm.p-LEN(H$1)-2))*3/100,0)/3,0)) -> 0 | I8: =_xlfn.LET(_xlpm.t," "&$C8&" ",_xlpm.p,SEARCH(" "&I$1&" ",_xlpm.t),IFERROR(ROUND(VALUE(MID(_xlpm.t,_xlpm.p+LEN(I$1)+2,FIND("%",_xlpm.t,_xlpm.p)-_xlpm.p-LEN(I$1)-2))*3/100,0)/3,0)) -> 0 | J8: =_xlfn.LET(_xlpm.t," "&$C8&" ",_xlpm.p,SEARCH(" "&J$1&" ",_xlpm.t),IFERROR(ROUND(VALUE(MID(_xlpm.t,_xlpm.p+LEN(J$1)+2,FIND("%",_xlpm.t,_xlpm.p)-_xlpm.p-LEN(J$1)-2))*3/100,0)/3,0)) -> 0 | K8: =_xlfn.LET(_xlpm.t," "&$C8&" ",_xlpm.p,SEARCH(" "&K$1&" ",_xlpm.t),IFERROR(ROUND(VALUE(MID(_xlpm.t,_xlpm.p+LEN(K$1)+2,FIND("%",_xlpm.t,_xlpm.p)-_xlpm.p-LEN(K$1)-2))*3/100,0)/3,0)) -> 0 | L8: =_xlfn.LET(_xlpm.t," "&$C8&" ",_xlpm.p,SEARCH(" "&L$1&" ",_xlpm.t),IFERROR(ROUND(VALUE(MID(_xlpm.t,_xlpm.p+LEN(L$1)+2,FIND("%",_xlpm.t,_xlpm.p)-_xlpm.p-LEN(L$1)-2))*3/100,0)/3,0)) -> 0 | M8: =_xlfn.LET(_xlpm.t," "&$C8&" ",_xlpm.p,SEARCH(" "&M$1&" ",_xlpm.t),IFERROR(ROUND(VALUE(MID(_xlpm.t,_xlpm.p+LEN(M$1)+2,FIND("%",_xlpm.t,_xlpm.p)-_xlpm.p-LEN(M$1)-2))*3/100,0)/3,0)) -> 0.33333333 | ... Q8: =_xlfn.LET(_xlpm.t," "&$C8&" ",_xlpm.p,SEARCH(" "&Q$1&" ",_xlpm.t),IFERROR(ROUND(VALUE(MID(_xlpm.t,_xlpm.p+LEN(Q$1)+2,FIND("%",_xlpm.t,_xlpm.p)-_xlpm.p-LEN(Q$1)-2))*3/100,0)/3,0)) -> 0 | R8: {=SUMPRODUCT(ABS(F8:Q8-F7:Q7))} -> 0.66666667 | S8: {=SUMPRODUCT(ABS(G8:Q8-G7:Q7))} -> 0.33333333
A9: 2016-06-03 | B9: 25 | C9: BIL 33% | XLP 33% | XLU 33% | D9: entran: XLU ; BIL 67%->33% | F9: =_xlfn.LET(_xlpm.t," "&$C9&" ",_xlpm.p,SEARCH(" "&F$1&" ",_xlpm.t),IFERROR(ROUND(VALUE(MID(_xlpm.t,_xlpm.p+LEN(F$1)+2,FIND("%",_xlpm.t,_xlpm.p)-_xlpm.p-LEN(F$1)-2))*3/100,0)/3,0)) -> 0.33333333 | G9: =_xlfn.LET(_xlpm.t," "&$C9&" ",_xlpm.p,SEARCH(" "&G$1&" ",_xlpm.t),IFERROR(ROUND(VALUE(MID(_xlpm.t,_xlpm.p+LEN(G$1)+2,FIND("%",_xlpm.t,_xlpm.p)-_xlpm.p-LEN(G$1)-2))*3/100,0)/3,0)) -> 0 | H9: =_xlfn.LET(_xlpm.t," "&$C9&" ",_xlpm.p,SEARCH(" "&H$1&" ",_xlpm.t),IFERROR(ROUND(VALUE(MID(_xlpm.t,_xlpm.p+LEN(H$1)+2,FIND("%",_xlpm.t,_xlpm.p)-_xlpm.p-LEN(H$1)-2))*3/100,0)/3,0)) -> 0 | I9: =_xlfn.LET(_xlpm.t," "&$C9&" ",_xlpm.p,SEARCH(" "&I$1&" ",_xlpm.t),IFERROR(ROUND(VALUE(MID(_xlpm.t,_xlpm.p+LEN(I$1)+2,FIND("%",_xlpm.t,_xlpm.p)-_xlpm.p-LEN(I$1)-2))*3/100,0)/3,0)) -> 0 | J9: =_xlfn.LET(_xlpm.t," "&$C9&" ",_xlpm.p,SEARCH(" "&J$1&" ",_xlpm.t),IFERROR(ROUND(VALUE(MID(_xlpm.t,_xlpm.p+LEN(J$1)+2,FIND("%",_xlpm.t,_xlpm.p)-_xlpm.p-LEN(J$1)-2))*3/100,0)/3,0)) -> 0 | K9: =_xlfn.LET(_xlpm.t," "&$C9&" ",_xlpm.p,SEARCH(" "&K$1&" ",_xlpm.t),IFERROR(ROUND(VALUE(MID(_xlpm.t,_xlpm.p+LEN(K$1)+2,FIND("%",_xlpm.t,_xlpm.p)-_xlpm.p-LEN(K$1)-2))*3/100,0)/3,0)) -> 0 | L9: =_xlfn.LET(_xlpm.t," "&$C9&" ",_xlpm.p,SEARCH(" "&L$1&" ",_xlpm.t),IFERROR(ROUND(VALUE(MID(_xlpm.t,_xlpm.p+LEN(L$1)+2,FIND("%",_xlpm.t,_xlpm.p)-_xlpm.p-LEN(L$1)-2))*3/100,0)/3,0)) -> 0 | M9: =_xlfn.LET(_xlpm.t," "&$C9&" ",_xlpm.p,SEARCH(" "&M$1&" ",_xlpm.t),IFERROR(ROUND(VALUE(MID(_xlpm.t,_xlpm.p+LEN(M$1)+2,FIND("%",_xlpm.t,_xlpm.p)-_xlpm.p-LEN(M$1)-2))*3/100,0)/3,0)) -> 0.33333333 | ... Q9: =_xlfn.LET(_xlpm.t," "&$C9&" ",_xlpm.p,SEARCH(" "&Q$1&" ",_xlpm.t),IFERROR(ROUND(VALUE(MID(_xlpm.t,_xlpm.p+LEN(Q$1)+2,FIND("%",_xlpm.t,_xlpm.p)-_xlpm.p-LEN(Q$1)-2))*3/100,0)/3,0)) -> 0 | R9: {=SUMPRODUCT(ABS(F9:Q9-F8:Q8))} -> 0.66666667 | S9: {=SUMPRODUCT(ABS(G9:Q9-G8:Q8))} -> 0.33333333
A10: 2016-07-11 | B10: 19 | C10: XLK 33% | XLP 33% | XLU 33% | D10: entran: XLK ; <- sale de refugio | F10: =_xlfn.LET(_xlpm.t," "&$C10&" ",_xlpm.p,SEARCH(" "&F$1&" ",_xlpm.t),IFERROR(ROUND(VALUE(MID(_xlpm.t,_xlpm.p+LEN(F$1)+2,FIND("%",_xlpm.t,_xlpm.p)-_xlpm.p-LEN(F$1)-2))*3/100,0)/3,0)) -> 0 | G10: =_xlfn.LET(_xlpm.t," "&$C10&" ",_xlpm.p,SEARCH(" "&G$1&" ",_xlpm.t),IFERROR(ROUND(VALUE(MID(_xlpm.t,_xlpm.p+LEN(G$1)+2,FIND("%",_xlpm.t,_xlpm.p)-_xlpm.p-LEN(G$1)-2))*3/100,0)/3,0)) -> 0 | H10: =_xlfn.LET(_xlpm.t," "&$C10&" ",_xlpm.p,SEARCH(" "&H$1&" ",_xlpm.t),IFERROR(ROUND(VALUE(MID(_xlpm.t,_xlpm.p+LEN(H$1)+2,FIND("%",_xlpm.t,_xlpm.p)-_xlpm.p-LEN(H$1)-2))*3/100,0)/3,0)) -> 0 | I10: =_xlfn.LET(_xlpm.t," "&$C10&" ",_xlpm.p,SEARCH(" "&I$1&" ",_xlpm.t),IFERROR(ROUND(VALUE(MID(_xlpm.t,_xlpm.p+LEN(I$1)+2,FIND("%",_xlpm.t,_xlpm.p)-_xlpm.p-LEN(I$1)-2))*3/100,0)/3,0)) -> 0 | J10: =_xlfn.LET(_xlpm.t," "&$C10&" ",_xlpm.p,SEARCH(" "&J$1&" ",_xlpm.t),IFERROR(ROUND(VALUE(MID(_xlpm.t,_xlpm.p+LEN(J$1)+2,FIND("%",_xlpm.t,_xlpm.p)-_xlpm.p-LEN(J$1)-2))*3/100,0)/3,0)) -> 0 | K10: =_xlfn.LET(_xlpm.t," "&$C10&" ",_xlpm.p,SEARCH(" "&K$1&" ",_xlpm.t),IFERROR(ROUND(VALUE(MID(_xlpm.t,_xlpm.p+LEN(K$1)+2,FIND("%",_xlpm.t,_xlpm.p)-_xlpm.p-LEN(K$1)-2))*3/100,0)/3,0)) -> 0 | L10: =_xlfn.LET(_xlpm.t," "&$C10&" ",_xlpm.p,SEARCH(" "&L$1&" ",_xlpm.t),IFERROR(ROUND(VALUE(MID(_xlpm.t,_xlpm.p+LEN(L$1)+2,FIND("%",_xlpm.t,_xlpm.p)-_xlpm.p-LEN(L$1)-2))*3/100,0)/3,0)) -> 0.33333333 | M10: =_xlfn.LET(_xlpm.t," "&$C10&" ",_xlpm.p,SEARCH(" "&M$1&" ",_xlpm.t),IFERROR(ROUND(VALUE(MID(_xlpm.t,_xlpm.p+LEN(M$1)+2,FIND("%",_xlpm.t,_xlpm.p)-_xlpm.p-LEN(M$1)-2))*3/100,0)/3,0)) -> 0.33333333 | ... Q10: =_xlfn.LET(_xlpm.t," "&$C10&" ",_xlpm.p,SEARCH(" "&Q$1&" ",_xlpm.t),IFERROR(ROUND(VALUE(MID(_xlpm.t,_xlpm.p+LEN(Q$1)+2,FIND("%",_xlpm.t,_xlpm.p)-_xlpm.p-LEN(Q$1)-2))*3/100,0)/3,0)) -> 0 | R10: {=SUMPRODUCT(ABS(F10:Q10-F9:Q9))} -> 0.66666667 | S10: {=SUMPRODUCT(ABS(G10:Q10-G9:Q9))} -> 0.33333333
A11: 2016-08-05 | B11: 12 | C11: BIL 33% | XLK 33% | XLP 33% | D11: salen: XLU ; -> a refugio | F11: =_xlfn.LET(_xlpm.t," "&$C11&" ",_xlpm.p,SEARCH(" "&F$1&" ",_xlpm.t),IFERROR(ROUND(VALUE(MID(_xlpm.t,_xlpm.p+LEN(F$1)+2,FIND("%",_xlpm.t,_xlpm.p)-_xlpm.p-LEN(F$1)-2))*3/100,0)/3,0)) -> 0.33333333 | G11: =_xlfn.LET(_xlpm.t," "&$C11&" ",_xlpm.p,SEARCH(" "&G$1&" ",_xlpm.t),IFERROR(ROUND(VALUE(MID(_xlpm.t,_xlpm.p+LEN(G$1)+2,FIND("%",_xlpm.t,_xlpm.p)-_xlpm.p-LEN(G$1)-2))*3/100,0)/3,0)) -> 0 | H11: =_xlfn.LET(_xlpm.t," "&$C11&" ",_xlpm.p,SEARCH(" "&H$1&" ",_xlpm.t),IFERROR(ROUND(VALUE(MID(_xlpm.t,_xlpm.p+LEN(H$1)+2,FIND("%",_xlpm.t,_xlpm.p)-_xlpm.p-LEN(H$1)-2))*3/100,0)/3,0)) -> 0 | I11: =_xlfn.LET(_xlpm.t," "&$C11&" ",_xlpm.p,SEARCH(" "&I$1&" ",_xlpm.t),IFERROR(ROUND(VALUE(MID(_xlpm.t,_xlpm.p+LEN(I$1)+2,FIND("%",_xlpm.t,_xlpm.p)-_xlpm.p-LEN(I$1)-2))*3/100,0)/3,0)) -> 0 | J11: =_xlfn.LET(_xlpm.t," "&$C11&" ",_xlpm.p,SEARCH(" "&J$1&" ",_xlpm.t),IFERROR(ROUND(VALUE(MID(_xlpm.t,_xlpm.p+LEN(J$1)+2,FIND("%",_xlpm.t,_xlpm.p)-_xlpm.p-LEN(J$1)-2))*3/100,0)/3,0)) -> 0 | K11: =_xlfn.LET(_xlpm.t," "&$C11&" ",_xlpm.p,SEARCH(" "&K$1&" ",_xlpm.t),IFERROR(ROUND(VALUE(MID(_xlpm.t,_xlpm.p+LEN(K$1)+2,FIND("%",_xlpm.t,_xlpm.p)-_xlpm.p-LEN(K$1)-2))*3/100,0)/3,0)) -> 0 | L11: =_xlfn.LET(_xlpm.t," "&$C11&" ",_xlpm.p,SEARCH(" "&L$1&" ",_xlpm.t),IFERROR(ROUND(VALUE(MID(_xlpm.t,_xlpm.p+LEN(L$1)+2,FIND("%",_xlpm.t,_xlpm.p)-_xlpm.p-LEN(L$1)-2))*3/100,0)/3,0)) -> 0.33333333 | M11: =_xlfn.LET(_xlpm.t," "&$C11&" ",_xlpm.p,SEARCH(" "&M$1&" ",_xlpm.t),IFERROR(ROUND(VALUE(MID(_xlpm.t,_xlpm.p+LEN(M$1)+2,FIND("%",_xlpm.t,_xlpm.p)-_xlpm.p-LEN(M$1)-2))*3/100,0)/3,0)) -> 0.33333333 | ... Q11: =_xlfn.LET(_xlpm.t," "&$C11&" ",_xlpm.p,SEARCH(" "&Q$1&" ",_xlpm.t),IFERROR(ROUND(VALUE(MID(_xlpm.t,_xlpm.p+LEN(Q$1)+2,FIND("%",_xlpm.t,_xlpm.p)-_xlpm.p-LEN(Q$1)-2))*3/100,0)/3,0)) -> 0 | R11: {=SUMPRODUCT(ABS(F11:Q11-F10:Q10))} -> 0.66666667 | S11: {=SUMPRODUCT(ABS(G11:Q11-G10:Q10))} -> 0.33333333
A12: 2016-08-23 | B12: 12 | C12: XLB 33% | XLK 33% | XLP 33% | D12: entran: XLB ; <- sale de refugio | F12: =_xlfn.LET(_xlpm.t," "&$C12&" ",_xlpm.p,SEARCH(" "&F$1&" ",_xlpm.t),IFERROR(ROUND(VALUE(MID(_xlpm.t,_xlpm.p+LEN(F$1)+2,FIND("%",_xlpm.t,_xlpm.p)-_xlpm.p-LEN(F$1)-2))*3/100,0)/3,0)) -> 0 | G12: =_xlfn.LET(_xlpm.t," "&$C12&" ",_xlpm.p,SEARCH(" "&G$1&" ",_xlpm.t),IFERROR(ROUND(VALUE(MID(_xlpm.t,_xlpm.p+LEN(G$1)+2,FIND("%",_xlpm.t,_xlpm.p)-_xlpm.p-LEN(G$1)-2))*3/100,0)/3,0)) -> 0.33333333 | H12: =_xlfn.LET(_xlpm.t," "&$C12&" ",_xlpm.p,SEARCH(" "&H$1&" ",_xlpm.t),IFERROR(ROUND(VALUE(MID(_xlpm.t,_xlpm.p+LEN(H$1)+2,FIND("%",_xlpm.t,_xlpm.p)-_xlpm.p-LEN(H$1)-2))*3/100,0)/3,0)) -> 0 | I12: =_xlfn.LET(_xlpm.t," "&$C12&" ",_xlpm.p,SEARCH(" "&I$1&" ",_xlpm.t),IFERROR(ROUND(VALUE(MID(_xlpm.t,_xlpm.p+LEN(I$1)+2,FIND("%",_xlpm.t,_xlpm.p)-_xlpm.p-LEN(I$1)-2))*3/100,0)/3,0)) -> 0 | J12: =_xlfn.LET(_xlpm.t," "&$C12&" ",_xlpm.p,SEARCH(" "&J$1&" ",_xlpm.t),IFERROR(ROUND(VALUE(MID(_xlpm.t,_xlpm.p+LEN(J$1)+2,FIND("%",_xlpm.t,_xlpm.p)-_xlpm.p-LEN(J$1)-2))*3/100,0)/3,0)) -> 0 | K12: =_xlfn.LET(_xlpm.t," "&$C12&" ",_xlpm.p,SEARCH(" "&K$1&" ",_xlpm.t),IFERROR(ROUND(VALUE(MID(_xlpm.t,_xlpm.p+LEN(K$1)+2,FIND("%",_xlpm.t,_xlpm.p)-_xlpm.p-LEN(K$1)-2))*3/100,0)/3,0)) -> 0 | L12: =_xlfn.LET(_xlpm.t," "&$C12&" ",_xlpm.p,SEARCH(" "&L$1&" ",_xlpm.t),IFERROR(ROUND(VALUE(MID(_xlpm.t,_xlpm.p+LEN(L$1)+2,FIND("%",_xlpm.t,_xlpm.p)-_xlpm.p-LEN(L$1)-2))*3/100,0)/3,0)) -> 0.33333333 | M12: =_xlfn.LET(_xlpm.t," "&$C12&" ",_xlpm.p,SEARCH(" "&M$1&" ",_xlpm.t),IFERROR(ROUND(VALUE(MID(_xlpm.t,_xlpm.p+LEN(M$1)+2,FIND("%",_xlpm.t,_xlpm.p)-_xlpm.p-LEN(M$1)-2))*3/100,0)/3,0)) -> 0.33333333 | ... Q12: =_xlfn.LET(_xlpm.t," "&$C12&" ",_xlpm.p,SEARCH(" "&Q$1&" ",_xlpm.t),IFERROR(ROUND(VALUE(MID(_xlpm.t,_xlpm.p+LEN(Q$1)+2,FIND("%",_xlpm.t,_xlpm.p)-_xlpm.p-LEN(Q$1)-2))*3/100,0)/3,0)) -> 0 | R12: {=SUMPRODUCT(ABS(F12:Q12-F11:Q11))} -> 0.66666667 | S12: {=SUMPRODUCT(ABS(G12:Q12-G11:Q11))} -> 0.33333333
A13: 2016-09-09 | B13: 8 | C13: BIL 100% | D13: salen: XLB, XLK, XLP ; -> a refugio | F13: =_xlfn.LET(_xlpm.t," "&$C13&" ",_xlpm.p,SEARCH(" "&F$1&" ",_xlpm.t),IFERROR(ROUND(VALUE(MID(_xlpm.t,_xlpm.p+LEN(F$1)+2,FIND("%",_xlpm.t,_xlpm.p)-_xlpm.p-LEN(F$1)-2))*3/100,0)/3,0)) -> 1 | G13: =_xlfn.LET(_xlpm.t," "&$C13&" ",_xlpm.p,SEARCH(" "&G$1&" ",_xlpm.t),IFERROR(ROUND(VALUE(MID(_xlpm.t,_xlpm.p+LEN(G$1)+2,FIND("%",_xlpm.t,_xlpm.p)-_xlpm.p-LEN(G$1)-2))*3/100,0)/3,0)) -> 0 | H13: =_xlfn.LET(_xlpm.t," "&$C13&" ",_xlpm.p,SEARCH(" "&H$1&" ",_xlpm.t),IFERROR(ROUND(VALUE(MID(_xlpm.t,_xlpm.p+LEN(H$1)+2,FIND("%",_xlpm.t,_xlpm.p)-_xlpm.p-LEN(H$1)-2))*3/100,0)/3,0)) -> 0 | I13: =_xlfn.LET(_xlpm.t," "&$C13&" ",_xlpm.p,SEARCH(" "&I$1&" ",_xlpm.t),IFERROR(ROUND(VALUE(MID(_xlpm.t,_xlpm.p+LEN(I$1)+2,FIND("%",_xlpm.t,_xlpm.p)-_xlpm.p-LEN(I$1)-2))*3/100,0)/3,0)) -> 0 | J13: =_xlfn.LET(_xlpm.t," "&$C13&" ",_xlpm.p,SEARCH(" "&J$1&" ",_xlpm.t),IFERROR(ROUND(VALUE(MID(_xlpm.t,_xlpm.p+LEN(J$1)+2,FIND("%",_xlpm.t,_xlpm.p)-_xlpm.p-LEN(J$1)-2))*3/100,0)/3,0)) -> 0 | K13: =_xlfn.LET(_xlpm.t," "&$C13&" ",_xlpm.p,SEARCH(" "&K$1&" ",_xlpm.t),IFERROR(ROUND(VALUE(MID(_xlpm.t,_xlpm.p+LEN(K$1)+2,FIND("%",_xlpm.t,_xlpm.p)-_xlpm.p-LEN(K$1)-2))*3/100,0)/3,0)) -> 0 | L13: =_xlfn.LET(_xlpm.t," "&$C13&" ",_xlpm.p,SEARCH(" "&L$1&" ",_xlpm.t),IFERROR(ROUND(VALUE(MID(_xlpm.t,_xlpm.p+LEN(L$1)+2,FIND("%",_xlpm.t,_xlpm.p)-_xlpm.p-LEN(L$1)-2))*3/100,0)/3,0)) -> 0 | M13: =_xlfn.LET(_xlpm.t," "&$C13&" ",_xlpm.p,SEARCH(" "&M$1&" ",_xlpm.t),IFERROR(ROUND(VALUE(MID(_xlpm.t,_xlpm.p+LEN(M$1)+2,FIND("%",_xlpm.t,_xlpm.p)-_xlpm.p-LEN(M$1)-2))*3/100,0)/3,0)) -> 0 | ... Q13: =_xlfn.LET(_xlpm.t," "&$C13&" ",_xlpm.p,SEARCH(" "&Q$1&" ",_xlpm.t),IFERROR(ROUND(VALUE(MID(_xlpm.t,_xlpm.p+LEN(Q$1)+2,FIND("%",_xlpm.t,_xlpm.p)-_xlpm.p-LEN(Q$1)-2))*3/100,0)/3,0)) -> 0 | R13: {=SUMPRODUCT(ABS(F13:Q13-F12:Q12))} -> 2 | S13: {=SUMPRODUCT(ABS(G13:Q13-G12:Q12))} -> 1
A14: 2016-09-21 | B14: 1 | C14: BIL 67% | XLU 33% | D14: entran: XLU ; BIL 100%->67% | F14: =_xlfn.LET(_xlpm.t," "&$C14&" ",_xlpm.p,SEARCH(" "&F$1&" ",_xlpm.t),IFERROR(ROUND(VALUE(MID(_xlpm.t,_xlpm.p+LEN(F$1)+2,FIND("%",_xlpm.t,_xlpm.p)-_xlpm.p-LEN(F$1)-2))*3/100,0)/3,0)) -> 0.66666667 | G14: =_xlfn.LET(_xlpm.t," "&$C14&" ",_xlpm.p,SEARCH(" "&G$1&" ",_xlpm.t),IFERROR(ROUND(VALUE(MID(_xlpm.t,_xlpm.p+LEN(G$1)+2,FIND("%",_xlpm.t,_xlpm.p)-_xlpm.p-LEN(G$1)-2))*3/100,0)/3,0)) -> 0 | H14: =_xlfn.LET(_xlpm.t," "&$C14&" ",_xlpm.p,SEARCH(" "&H$1&" ",_xlpm.t),IFERROR(ROUND(VALUE(MID(_xlpm.t,_xlpm.p+LEN(H$1)+2,FIND("%",_xlpm.t,_xlpm.p)-_xlpm.p-LEN(H$1)-2))*3/100,0)/3,0)) -> 0 | I14: =_xlfn.LET(_xlpm.t," "&$C14&" ",_xlpm.p,SEARCH(" "&I$1&" ",_xlpm.t),IFERROR(ROUND(VALUE(MID(_xlpm.t,_xlpm.p+LEN(I$1)+2,FIND("%",_xlpm.t,_xlpm.p)-_xlpm.p-LEN(I$1)-2))*3/100,0)/3,0)) -> 0 | J14: =_xlfn.LET(_xlpm.t," "&$C14&" ",_xlpm.p,SEARCH(" "&J$1&" ",_xlpm.t),IFERROR(ROUND(VALUE(MID(_xlpm.t,_xlpm.p+LEN(J$1)+2,FIND("%",_xlpm.t,_xlpm.p)-_xlpm.p-LEN(J$1)-2))*3/100,0)/3,0)) -> 0 | K14: =_xlfn.LET(_xlpm.t," "&$C14&" ",_xlpm.p,SEARCH(" "&K$1&" ",_xlpm.t),IFERROR(ROUND(VALUE(MID(_xlpm.t,_xlpm.p+LEN(K$1)+2,FIND("%",_xlpm.t,_xlpm.p)-_xlpm.p-LEN(K$1)-2))*3/100,0)/3,0)) -> 0 | L14: =_xlfn.LET(_xlpm.t," "&$C14&" ",_xlpm.p,SEARCH(" "&L$1&" ",_xlpm.t),IFERROR(ROUND(VALUE(MID(_xlpm.t,_xlpm.p+LEN(L$1)+2,FIND("%",_xlpm.t,_xlpm.p)-_xlpm.p-LEN(L$1)-2))*3/100,0)/3,0)) -> 0 | M14: =_xlfn.LET(_xlpm.t," "&$C14&" ",_xlpm.p,SEARCH(" "&M$1&" ",_xlpm.t),IFERROR(ROUND(VALUE(MID(_xlpm.t,_xlpm.p+LEN(M$1)+2,FIND("%",_xlpm.t,_xlpm.p)-_xlpm.p-LEN(M$1)-2))*3/100,0)/3,0)) -> 0 | ... Q14: =_xlfn.LET(_xlpm.t," "&$C14&" ",_xlpm.p,SEARCH(" "&Q$1&" ",_xlpm.t),IFERROR(ROUND(VALUE(MID(_xlpm.t,_xlpm.p+LEN(Q$1)+2,FIND("%",_xlpm.t,_xlpm.p)-_xlpm.p-LEN(Q$1)-2))*3/100,0)/3,0)) -> 0 | R14: {=SUMPRODUCT(ABS(F14:Q14-F13:Q13))} -> 0.66666667 | S14: {=SUMPRODUCT(ABS(G14:Q14-G13:Q13))} -> 0.33333333
... A243: 2026-09-10 | B243: 7 | C243: BIL 67% | XLE 33% | D243: salen: XLV ; BIL 33%->67% | F243: =_xlfn.LET(_xlpm.t," "&$C243&" ",_xlpm.p,SEARCH(" "&F$1&" ",_xlpm.t),IFERROR(ROUND(VALUE(MID(_xlpm.t,_xlpm.p+LEN(F$1)+2,FIND("%",_xlpm.t,_xlpm.p)-_xlpm.p-LEN(F$1)-2))*3/100,0)/3,0)) -> 0.66666667 | G243: =_xlfn.LET(_xlpm.t," "&$C243&" ",_xlpm.p,SEARCH(" "&G$1&" ",_xlpm.t),IFERROR(ROUND(VALUE(MID(_xlpm.t,_xlpm.p+LEN(G$1)+2,FIND("%",_xlpm.t,_xlpm.p)-_xlpm.p-LEN(G$1)-2))*3/100,0)/3,0)) -> 0 | H243: =_xlfn.LET(_xlpm.t," "&$C243&" ",_xlpm.p,SEARCH(" "&H$1&" ",_xlpm.t),IFERROR(ROUND(VALUE(MID(_xlpm.t,_xlpm.p+LEN(H$1)+2,FIND("%",_xlpm.t,_xlpm.p)-_xlpm.p-LEN(H$1)-2))*3/100,0)/3,0)) -> 0 | I243: =_xlfn.LET(_xlpm.t," "&$C243&" ",_xlpm.p,SEARCH(" "&I$1&" ",_xlpm.t),IFERROR(ROUND(VALUE(MID(_xlpm.t,_xlpm.p+LEN(I$1)+2,FIND("%",_xlpm.t,_xlpm.p)-_xlpm.p-LEN(I$1)-2))*3/100,0)/3,0)) -> 0.33333333 | J243: =_xlfn.LET(_xlpm.t," "&$C243&" ",_xlpm.p,SEARCH(" "&J$1&" ",_xlpm.t),IFERROR(ROUND(VALUE(MID(_xlpm.t,_xlpm.p+LEN(J$1)+2,FIND("%",_xlpm.t,_xlpm.p)-_xlpm.p-LEN(J$1)-2))*3/100,0)/3,0)) -> 0 | K243: =_xlfn.LET(_xlpm.t," "&$C243&" ",_xlpm.p,SEARCH(" "&K$1&" ",_xlpm.t),IFERROR(ROUND(VALUE(MID(_xlpm.t,_xlpm.p+LEN(K$1)+2,FIND("%",_xlpm.t,_xlpm.p)-_xlpm.p-LEN(K$1)-2))*3/100,0)/3,0)) -> 0 | L243: =_xlfn.LET(_xlpm.t," "&$C243&" ",_xlpm.p,SEARCH(" "&L$1&" ",_xlpm.t),IFERROR(ROUND(VALUE(MID(_xlpm.t,_xlpm.p+LEN(L$1)+2,FIND("%",_xlpm.t,_xlpm.p)-_xlpm.p-LEN(L$1)-2))*3/100,0)/3,0)) -> 0 | M243: =_xlfn.LET(_xlpm.t," "&$C243&" ",_xlpm.p,SEARCH(" "&M$1&" ",_xlpm.t),IFERROR(ROUND(VALUE(MID(_xlpm.t,_xlpm.p+LEN(M$1)+2,FIND("%",_xlpm.t,_xlpm.p)-_xlpm.p-LEN(M$1)-2))*3/100,0)/3,0)) -> 0 | ... Q243: =_xlfn.LET(_xlpm.t," "&$C243&" ",_xlpm.p,SEARCH(" "&Q$1&" ",_xlpm.t),IFERROR(ROUND(VALUE(MID(_xlpm.t,_xlpm.p+LEN(Q$1)+2,FIND("%",_xlpm.t,_xlpm.p)-_xlpm.p-LEN(Q$1)-2))*3/100,0)/3,0)) -> 0 | R243: {=SUMPRODUCT(ABS(F243:Q243-F242:Q242))} -> 0.66666667 | S243: {=SUMPRODUCT(ABS(G243:Q243-G242:Q242))} -> 0.33333333

Sheet Analisis
A1: ANALISIS DE ROTACION - Duracion de las composiciones de cartera
A2: Estrategia Momentum Dual (base) - periodo 2016-2026
A4: Resumen
A5: Total de cambios de cartera | B5: =COUNT(Bitacora!$B$2:$B$243) -> 242
A6: Duracion promedio (dias habiles) | B6: =AVERAGE(Bitacora!$B$2:$B$243) -> 11.045455
A7: Duracion mediana (dias habiles) | B7: =MEDIAN(Bitacora!$B$2:$B$243) -> 7
A8: Duracion minima | B8: =MIN(Bitacora!$B$2:$B$243) -> 1
A9: Duracion maxima | B9: =MAX(Bitacora!$B$2:$B$243) -> 56
A10: Composiciones que duran menos de 5 dias | B10: =COUNTIF(Bitacora!$B$2:$B$243,"<5") -> 88 | C10: =B10/B5 -> 0.36363636
A12: Distribucion por tramos de duracion
A13: Tramo | B13: Cantidad | C13: % del total
A14: 1 dia | B14: =COUNTIF(Bitacora!$B$2:$B$243,1) -> 27 | C14: =B14/$B$5 -> 0.11157025
A15: 2-4 dias | B15: =COUNTIFS(Bitacora!$B$2:$B$243,">=2",Bitacora!$B$2:$B$243,"<=4") -> 61 | C15: =B15/$B$5 -> 0.25206612
A16: 5-9 dias | B16: =COUNTIFS(Bitacora!$B$2:$B$243,">=5",Bitacora!$B$2:$B$243,"<=9") -> 57 | C16: =B16/$B$5 -> 0.23553719
A17: 10-19 dias | B17: =COUNTIFS(Bitacora!$B$2:$B$243,">=10",Bitacora!$B$2:$B$243,"<=19") -> 53 | C17: =B17/$B$5 -> 0.21900826
A18: 20+ dias | B18: =COUNTIF(Bitacora!$B$2:$B$243,">=20") -> 44 | C18: =B18/$B$5 -> 0.18181818
A19: Total | B19: =SUM(B14:B18) -> 242 | C19: =B19/$B$5 -> 1
A22: Tipo de cambio (derivado de la columna 'Cambio')
A23: Tipo de cambio | B23: Cantidad
A24: Involucra el refugio (entra/sale de BIL) | B24: 123
A25: Sector -> a refugio (salida a BIL) | B25: 62
A26: Refugio -> sector (entra desde BIL) | B26: 61
A27: Rotacion sector por sector | B27: 12
A29: Nota: valores contados sobre el texto de la columna 'Cambio' de la bitacora.
A31: Costo de comisiones
A32: Comision por operacion (compra o venta) | B32: 0.002
A33: Fecha inicio (primer cambio) | B33: =DATE(LEFT(Bitacora!$A$2,4),MID(Bitacora!$A$2,6,2),RIGHT(Bitacora!$A$2,2)) -> 42402
A34: Fecha fin (ultimo cambio + su duracion) | B34: =WORKDAY(DATE(LEFT(Bitacora!$A$243,4),MID(Bitacora!$A$243,6,2),RIGHT(Bitacora!$A$243,2)),Bitacora!$B$243) -> 46286
A35: Anios del periodo | B35: =(B34-B33)/365.25 -> 10.633812
A37: Concepto | B37: Incluye BIL | C37: Sin BIL
A38: Rotacion acumulada (veces la cartera) | B38: =SUM(Bitacora!$R$2:$R$243) -> 175 | C38: =SUM(Bitacora!$S$2:$S$243) -> 91
A39: Rotacion anual (veces/anio) | B39: =B38/$B$35 -> 16.456939 | C39: =C38/$B$35 -> 8.5576081
A40: Costo acumulado simple | B40: =B38*$B$32 -> 0.35 | C40: =C38*$B$32 -> 0.182
A41: Capital perdido en comisiones (compuesto) | B41: =1-(1-$B$32)^B38 -> 0.29555884 | C41: =1-(1-$B$32)^C38 -> 0.16655056
A42: Rentabilidad anual que se comen las comisiones | B42: =1-(1-B41)^(1/$B$35) -> 0.03241 | C42: =1-(1-C41)^(1/$B$35) -> 0.01698643
A44: Nota: la rotacion suma compras + ventas de cada cambio (|peso nuevo - peso anterior|), incluida la compra inicial. Pesos al tercio (33% = 1/3). 'Sin BIL' supone que mover a/desde el refugio no paga comision.
